<?xml version="1.0" encoding="utf-8"?>
<!--/1896940/1635577/2.50/10/4/Integrated Circuit/-->
<quadcept_library>
  <setting unit="mil" />
  <textstyle name="Default" height="47.244094488189" strokewidth="7.8740157480315" charwidth="47.244094488189" />
  <textstyle name="Dimension" height="19.6850393700787" strokewidth="0" charwidth="19.6850393700787" />
  <textstyle name="H127W0635TH00762" height="50" strokewidth="3" charwidth="25" />
  <textstyle name="H15W15TH02" height="59.0551181102362" strokewidth="7.8740157480315" charwidth="59.0551181102362" />
  <padstyle name="r60_25" surface="True" plated="False" isvia="False" nopaste="False" nomask="True" complex="False" holesize="0">
    <padshape layer="TOP" shape="rectangle" width="9.8425196850392" height="23.622047244094" />
    <padshape layer="TOP_SOLDER_MASK" shape="rectangle" width="17.716535433071" height="31.496062992126" />
    <padshape layer="TOP_SOLDER_PASTE" shape="rectangle" width="9.8425196850392" height="23.622047244094" />
  </padstyle>
  <padstyle name="r90_25" surface="True" plated="False" isvia="False" nopaste="False" nomask="True" complex="False" holesize="0">
    <padshape layer="TOP" shape="rectangle" width="9.8425196850392" height="35.433070866141" />
    <padshape layer="TOP_SOLDER_MASK" shape="rectangle" width="17.716535433071" height="43.307086614173" />
    <padshape layer="TOP_SOLDER_PASTE" shape="rectangle" width="9.8425196850392" height="35.433070866141" />
  </padstyle>
  <padstyle name="r130_25" surface="True" plated="False" isvia="False" nopaste="False" nomask="True" complex="False" holesize="0">
    <padshape layer="TOP" shape="rectangle" width="9.8425196850392" height="51.181102362204" />
    <padshape layer="TOP_SOLDER_MASK" shape="rectangle" width="17.716535433071" height="59.055118110235" />
    <padshape layer="TOP_SOLDER_PASTE" shape="rectangle" width="9.8425196850392" height="51.181102362204" />
  </padstyle>
  <footprint name="TPS63802DLAR" originx="0" originy="0" pickpointx="0" pickpointy="0">
    <pcbpin number="1" name="1" style="r60_25" originx="-35.433070866141" originy="39.370078740157" rotation="90" />
    <pcbpin number="2" name="2" style="r60_25" originx="-35.433070866141" originy="19.685039370078" rotation="90" />
    <pcbpin number="3" name="3" style="r60_25" originx="-35.433070866141" originy="0" rotation="90" />
    <pcbpin number="4" name="4" style="r60_25" originx="-35.433070866141" originy="-19.685039370078" rotation="90" />
    <pcbpin number="5" name="5" style="r60_25" originx="-35.433070866141" originy="-39.370078740157" rotation="90" />
    <pcbpin number="6" name="6" style="r90_25" originx="29.527559055118" originy="-39.370078740157" rotation="90" />
    <pcbpin number="7" name="7" style="r90_25" originx="29.527559055118" originy="-19.685039370078" rotation="90" />
    <pcbpin number="8" name="8" style="r130_25" originx="21.653543307086" originy="0" rotation="90" />
    <pcbpin number="9" name="9" style="r90_25" originx="29.527559055118" originy="19.685039370078" rotation="90" />
    <pcbpin number="10" name="10" style="r90_25" originx="29.527559055118" originy="39.370078740157" rotation="90" />
    <line layer="TOP_ASSEMBLY" originx="-39.370078740157" originy="-59.055118110235" endx="39.370078740157" endy="-59.055118110235" width="7.8740157480314" />
    <line layer="TOP_ASSEMBLY" originx="39.370078740157" originy="-59.055118110235" endx="39.370078740157" endy="59.055118110235" width="7.8740157480314" />
    <line layer="TOP_ASSEMBLY" originx="39.370078740157" originy="59.055118110235" endx="-39.370078740157" endy="59.055118110235" width="7.8740157480314" />
    <line layer="TOP_ASSEMBLY" originx="-39.370078740157" originy="59.055118110235" endx="-39.370078740157" endy="-59.055118110235" width="7.8740157480314" />
    <line layer="TOP_SILKSCREEN" originx="-35.433070866141" originy="-59.055118110235" endx="39.370078740157" endy="-59.055118110235" width="3.9370078740157" />
    <line layer="TOP_SILKSCREEN" originx="39.370078740157" originy="-59.055118110235" endx="39.370078740157" endy="-59.055118110235" width="3.9370078740157" />
    <line layer="TOP_SILKSCREEN" originx="39.370078740157" originy="-59.055118110235" endx="-35.433070866141" endy="-59.055118110235" width="3.9370078740157" />
    <line layer="TOP_SILKSCREEN" originx="-35.433070866141" originy="-59.055118110235" endx="-35.433070866141" endy="-59.055118110235" width="3.9370078740157" />
    <line layer="TOP_SILKSCREEN" originx="-39.370078740157" originy="59.055118110235" endx="39.370078740157" endy="59.055118110235" width="3.9370078740157" />
    <line layer="TOP_SILKSCREEN" originx="39.370078740157" originy="59.055118110235" endx="39.370078740157" endy="59.055118110235" width="3.9370078740157" />
    <line layer="TOP_SILKSCREEN" originx="39.370078740157" originy="59.055118110235" endx="-39.370078740157" endy="59.055118110235" width="3.9370078740157" />
    <line layer="TOP_SILKSCREEN" originx="-39.370078740157" originy="59.055118110235" endx="-39.370078740157" endy="59.055118110235" width="3.9370078740157" />
    <line layer="TOP_PLACE_BOUND" originx="-98.425196850392" originy="98.425196850392" endx="86.614173228345" endy="98.425196850392" width="3.9370078740157" />
    <line layer="TOP_PLACE_BOUND" originx="86.614173228345" originy="98.425196850392" endx="86.614173228345" endy="-98.425196850392" width="3.9370078740157" />
    <line layer="TOP_PLACE_BOUND" originx="86.614173228345" originy="-98.425196850392" endx="-98.425196850392" endy="-98.425196850392" width="3.9370078740157" />
    <line layer="TOP_PLACE_BOUND" originx="-98.425196850392" originy="-98.425196850392" endx="-98.425196850392" endy="98.425196850392" width="3.9370078740157" />
    <line layer="TOP_SILKSCREEN" originx="-59.055118110235" originy="39.370078740157" endx="-59.055118110235" endy="39.370078740157" width="7.8740157480314" />
    <arc layer="TOP_SILKSCREEN" originx="-57.086614173228" originy="39.370078740157" startangle="180.0" sweepangle="180.0" radius="1.9685039370079" width="7.8740157480314" />
    <line layer="TOP_SILKSCREEN" originx="-55.11811023622" originy="39.370078740157" endx="-55.11811023622" endy="39.370078740157" width="7.8740157480314" />
    <arc layer="TOP_SILKSCREEN" originx="-57.086614173228" originy="39.370078740157" startangle=".0" sweepangle="180.0" radius="1.9685039370079" width="7.8740157480314" />
    <line layer="TOP_SILKSCREEN" originx="-59.055118110235" originy="39.370078740157" endx="-59.055118110235" endy="39.370078740157" width="7.8740157480314" />
    <arc layer="TOP_SILKSCREEN" originx="-57.086614173228" originy="39.370078740157" startangle="180.0" sweepangle="180.0" radius="1.9685039370079" width="7.8740157480314" />
  </footprint>
  <symbol name="TPS63802DLAR" originx="0" originy="0">
    <line originx="200" originy="100" endx="900" endy="100" width="0" />
    <line originx="900" originy="-500" endx="900" endy="100" width="0" />
    <line originx="900" originy="-500" endx="200" endy="-500" width="0" />
    <line originx="200" originy="100" endx="200" endy="-500" width="0" />
    <sympin number="1" originx="200" originy="0" rotation="180" length="100" width="7.8740157480315" flipped="False">
      <text name="pinname" originx="230" originy="0" style="Default" rotation="0" justify="left" flipped="False" hidden="False" data="EN" />
      <text name="pindes" originx="140" originy="20" style="Default" rotation="0" justify="lowerright" flipped="False" hidden="False" data="1" />
    </sympin>
    <sympin number="2" originx="200" originy="-100" rotation="180" length="100" width="7.8740157480315" flipped="False">
      <text name="pinname" originx="230" originy="-100" style="Default" rotation="0" justify="left" flipped="False" hidden="False" data="MODE" />
      <text name="pindes" originx="140" originy="-80" style="Default" rotation="0" justify="lowerright" flipped="False" hidden="False" data="2" />
    </sympin>
    <sympin number="3" originx="200" originy="-200" rotation="180" length="100" width="7.8740157480315" flipped="False">
      <text name="pinname" originx="230" originy="-200" style="Default" rotation="0" justify="left" flipped="False" hidden="False" data="AGND" />
      <text name="pindes" originx="140" originy="-180" style="Default" rotation="0" justify="lowerright" flipped="False" hidden="False" data="3" />
    </sympin>
    <sympin number="4" originx="200" originy="-300" rotation="180" length="100" width="7.8740157480315" flipped="False">
      <text name="pinname" originx="230" originy="-300" style="Default" rotation="0" justify="left" flipped="False" hidden="False" data="FB" />
      <text name="pindes" originx="140" originy="-280" style="Default" rotation="0" justify="lowerright" flipped="False" hidden="False" data="4" />
    </sympin>
    <sympin number="5" originx="200" originy="-400" rotation="180" length="100" width="7.8740157480315" flipped="False">
      <text name="pinname" originx="230" originy="-400" style="Default" rotation="0" justify="left" flipped="False" hidden="False" data="PG" />
      <text name="pindes" originx="140" originy="-380" style="Default" rotation="0" justify="lowerright" flipped="False" hidden="False" data="5" />
    </sympin>
    <sympin number="6" originx="900" originy="0" rotation="0" length="100" width="7.8740157480315" flipped="False">
      <text name="pinname" originx="870" originy="0" style="Default" rotation="0" justify="right" flipped="False" hidden="False" data="VOUT" />
      <text name="pindes" originx="960" originy="20" style="Default" rotation="0" justify="lowerleft" flipped="False" hidden="False" data="6" />
    </sympin>
    <sympin number="7" originx="900" originy="-100" rotation="0" length="100" width="7.8740157480315" flipped="False">
      <text name="pinname" originx="870" originy="-100" style="Default" rotation="0" justify="right" flipped="False" hidden="False" data="L2" />
      <text name="pindes" originx="960" originy="-80" style="Default" rotation="0" justify="lowerleft" flipped="False" hidden="False" data="7" />
    </sympin>
    <sympin number="8" originx="900" originy="-200" rotation="0" length="100" width="7.8740157480315" flipped="False">
      <text name="pinname" originx="870" originy="-200" style="Default" rotation="0" justify="right" flipped="False" hidden="False" data="GND" />
      <text name="pindes" originx="960" originy="-180" style="Default" rotation="0" justify="lowerleft" flipped="False" hidden="False" data="8" />
    </sympin>
    <sympin number="9" originx="900" originy="-300" rotation="0" length="100" width="7.8740157480315" flipped="False">
      <text name="pinname" originx="870" originy="-300" style="Default" rotation="0" justify="right" flipped="False" hidden="False" data="L1" />
      <text name="pindes" originx="960" originy="-280" style="Default" rotation="0" justify="lowerleft" flipped="False" hidden="False" data="9" />
    </sympin>
    <sympin number="10" originx="900" originy="-400" rotation="0" length="100" width="7.8740157480315" flipped="False">
      <text name="pinname" originx="870" originy="-400" style="Default" rotation="0" justify="right" flipped="False" hidden="False" data="VIN" />
      <text name="pindes" originx="960" originy="-380" style="Default" rotation="0" justify="lowerleft" flipped="False" hidden="False" data="10" />
    </sympin>
  </symbol>
  <component name="TPS63802DLAR" designatorprefix="IC" height="39.370078740157" footprint="TPS63802DLAR">
    <comppin designator="1" sympin="1" pinswap="0" gateswap="0" gate="1" group="1" side="" type="Any" name="EN" />
    <comppin designator="2" sympin="2" pinswap="0" gateswap="0" gate="1" group="1" side="" type="Any" name="MODE" />
    <comppin designator="3" sympin="3" pinswap="0" gateswap="0" gate="1" group="1" side="" type="Any" name="AGND" />
    <comppin designator="4" sympin="4" pinswap="0" gateswap="0" gate="1" group="1" side="" type="Any" name="FB" />
    <comppin designator="5" sympin="5" pinswap="0" gateswap="0" gate="1" group="1" side="" type="Any" name="PG" />
    <comppin designator="6" sympin="6" pinswap="0" gateswap="0" gate="1" group="1" side="" type="Any" name="VOUT" />
    <comppin designator="7" sympin="7" pinswap="0" gateswap="0" gate="1" group="1" side="" type="Any" name="L2" />
    <comppin designator="8" sympin="8" pinswap="0" gateswap="0" gate="1" group="1" side="" type="Any" name="GND" />
    <comppin designator="9" sympin="9" pinswap="0" gateswap="0" gate="1" group="1" side="" type="Any" name="L1" />
    <comppin designator="10" sympin="10" pinswap="0" gateswap="0" gate="1" group="1" side="" type="Any" name="VIN" />
    <attached_symbol gate="1" name="TPS63802DLAR" />
    <pinmap designator="1" footprintpin="1" />
    <pinmap designator="2" footprintpin="2" />
    <pinmap designator="3" footprintpin="3" />
    <pinmap designator="4" footprintpin="4" />
    <pinmap designator="5" footprintpin="5" />
    <pinmap designator="6" footprintpin="6" />
    <pinmap designator="7" footprintpin="7" />
    <pinmap designator="8" footprintpin="8" />
    <pinmap designator="9" footprintpin="9" />
    <pinmap designator="10" footprintpin="10" />
    <text name="Datasheet" originx="0" originy="0" style="Default" rotation="0" justify="" flipped="False" hidden="True" data="http://www.ti.com/lit/ds/symlink/tps63802.pdf" />
    <text name="Description" originx="0" originy="0" style="Default" rotation="0" justify="" flipped="False" hidden="True" data="Texas Instruments High current, high efficiency single inductor buck-boost converter 10-VSON-HR -40 to 125" />
    <text name="Manufacturer_Name" originx="0" originy="0" style="Default" rotation="0" justify="" flipped="False" hidden="True" data="Texas Instruments" />
    <text name="Manufacturer_Part_Number" originx="950" originy="200" style="Default" rotation="0" justify="left" flipped="False" hidden="False" data="TPS63802DLAR" />
    <text name="Mouser Part Number" originx="0" originy="0" style="Default" rotation="0" justify="" flipped="False" hidden="True" data="595-TPS63802DLAR" />
    <text name="Mouser Price/Stock" originx="0" originy="0" style="Default" rotation="0" justify="" flipped="False" hidden="True" data="https://www.mouser.co.uk/ProductDetail/Texas-Instruments/TPS63802DLAR?qs=9r4v7xj2Lnmr2ylyTiX9Mg%3D%3D" />
    <text name="Arrow Part Number" originx="0" originy="0" style="Default" rotation="0" justify="" flipped="False" hidden="True" data="TPS63802DLAR" />
    <text name="Arrow Price/Stock" originx="0" originy="0" style="Default" rotation="0" justify="" flipped="False" hidden="True" data="https://www.arrow.com/en/products/tps63802dlar/texas-instruments?utm_currency=USD&amp;region=nac" />
  </component>
</quadcept_library>
