<?xml version="1.0" encoding="utf-8"?>
<!--/277068/1635577/2.50/21/4/Integrated Circuit/-->
<quadcept_library>
  <setting unit="mil" />
  <textstyle name="Default" height="47.244094488189" strokewidth="7.8740157480315" charwidth="47.244094488189" />
  <textstyle name="Dimension" height="19.6850393700787" strokewidth="0" charwidth="19.6850393700787" />
  <textstyle name="H127W0635TH00762" height="50" strokewidth="3" charwidth="25" />
  <textstyle name="H15W15TH02" height="59.0551181102362" strokewidth="7.8740157480315" charwidth="59.0551181102362" />
  <padstyle name="r99_30" surface="True" plated="False" isvia="False" nopaste="False" nomask="True" complex="False" holesize="0">
    <padshape layer="TOP" shape="rectangle" width="11.811023622047" height="38.976377952755" />
    <padshape layer="TOP_SOLDER_MASK" shape="rectangle" width="19.685039370078" height="46.850393700787" />
    <padshape layer="TOP_SOLDER_PASTE" shape="rectangle" width="11.811023622047" height="38.976377952755" />
  </padstyle>
  <padstyle name="r315_215" surface="True" plated="False" isvia="False" nopaste="False" nomask="True" complex="False" holesize="0">
    <padshape layer="TOP" shape="rectangle" width="84.645669291338" height="124.01574803149" />
    <padshape layer="TOP_SOLDER_MASK" shape="rectangle" width="92.519685039369" height="131.88976377953" />
    <padshape layer="TOP_SOLDER_PASTE" shape="rectangle" width="84.645669291338" height="124.01574803149" />
  </padstyle>
  <footprint name="RHL(R-PVQFN-N20)_1" originx="0" originy="0" pickpointx="0" pickpointy="0">
    <pcbpin number="1" name="1" style="r99_30" originx="-86.614173228345" originy="-29.527559055118" rotation="90" />
    <pcbpin number="2" name="2" style="r99_30" originx="-68.897637795275" originy="-66.929133858267" rotation="0" />
    <pcbpin number="3" name="3" style="r99_30" originx="-49.212598425196" originy="-66.929133858267" rotation="0" />
    <pcbpin number="4" name="4" style="r99_30" originx="-29.527559055118" originy="-66.929133858267" rotation="0" />
    <pcbpin number="5" name="5" style="r99_30" originx="-9.8425196850392" originy="-66.929133858267" rotation="0" />
    <pcbpin number="6" name="6" style="r99_30" originx="9.8425196850392" originy="-66.929133858267" rotation="0" />
    <pcbpin number="7" name="7" style="r99_30" originx="29.527559055118" originy="-66.929133858267" rotation="0" />
    <pcbpin number="8" name="8" style="r99_30" originx="49.212598425196" originy="-66.929133858267" rotation="0" />
    <pcbpin number="9" name="9" style="r99_30" originx="68.897637795275" originy="-66.929133858267" rotation="0" />
    <pcbpin number="10" name="10" style="r99_30" originx="86.614173228345" originy="-29.527559055118" rotation="90" />
    <pcbpin number="11" name="11" style="r99_30" originx="86.614173228345" originy="29.527559055118" rotation="90" />
    <pcbpin number="12" name="12" style="r99_30" originx="68.897637795275" originy="66.929133858267" rotation="0" />
    <pcbpin number="13" name="13" style="r99_30" originx="49.212598425196" originy="66.929133858267" rotation="0" />
    <pcbpin number="14" name="14" style="r99_30" originx="29.527559055118" originy="66.929133858267" rotation="0" />
    <pcbpin number="15" name="15" style="r99_30" originx="9.8425196850392" originy="66.929133858267" rotation="0" />
    <pcbpin number="16" name="16" style="r99_30" originx="-9.8425196850392" originy="66.929133858267" rotation="0" />
    <pcbpin number="17" name="17" style="r99_30" originx="-29.527559055118" originy="66.929133858267" rotation="0" />
    <pcbpin number="18" name="18" style="r99_30" originx="-49.212598425196" originy="66.929133858267" rotation="0" />
    <pcbpin number="19" name="19" style="r99_30" originx="-68.897637795275" originy="66.929133858267" rotation="0" />
    <pcbpin number="20" name="20" style="r99_30" originx="-86.614173228345" originy="29.527559055118" rotation="90" />
    <pcbpin number="21" name="21" style="r315_215" originx="0" originy="0" rotation="90" />
    <line layer="TOP_ASSEMBLY" originx="-88.582677165353" originy="68.897637795275" endx="88.582677165353" endy="68.897637795275" width="7.8740157480314" />
    <line layer="TOP_ASSEMBLY" originx="88.582677165353" originy="68.897637795275" endx="88.582677165353" endy="-68.897637795275" width="7.8740157480314" />
    <line layer="TOP_ASSEMBLY" originx="88.582677165353" originy="-68.897637795275" endx="-88.582677165353" endy="-68.897637795275" width="7.8740157480314" />
    <line layer="TOP_ASSEMBLY" originx="-88.582677165353" originy="-68.897637795275" endx="-88.582677165353" endy="68.897637795275" width="7.8740157480314" />
    <line layer="TOP_SILKSCREEN" originx="-88.582677165353" originy="-68.897637795275" endx="-88.582677165353" endy="-45.275590551181" width="7.8740157480314" />
    <line layer="TOP_SILKSCREEN" originx="-88.582677165353" originy="13.779527559055" endx="-88.582677165353" endy="-13.779527559055" width="7.8740157480314" />
    <line layer="TOP_SILKSCREEN" originx="-88.582677165353" originy="68.897637795275" endx="-88.582677165353" endy="45.275590551181" width="7.8740157480314" />
    <line layer="TOP_SILKSCREEN" originx="88.582677165353" originy="-68.897637795275" endx="88.582677165353" endy="-45.275590551181" width="7.8740157480314" />
    <line layer="TOP_SILKSCREEN" originx="88.582677165353" originy="68.897637795275" endx="88.582677165353" endy="45.275590551181" width="7.8740157480314" />
    <line layer="TOP_SILKSCREEN" originx="88.582677165353" originy="13.779527559055" endx="88.582677165353" endy="-13.779527559055" width="7.8740157480314" />
    <arc layer="TOP_SILKSCREEN" originx="-116.96850393701" originy="-36.338582677165" startangle="180" sweepangle="180" radius="1.8267716535433" width="7.8740157480314" />
    <arc layer="TOP_SILKSCREEN" originx="-116.96850393701" originy="-36.338582677165" startangle="180" sweepangle="-180" radius="1.8267716535433" width="7.8740157480314" />
  </footprint>
  <symbol name="TPS61088RHLR" originx="0" originy="0">
    <line originx="200" originy="500" endx="1200" endy="500" width="0" />
    <line originx="1200" originy="-500" endx="1200" endy="500" width="0" />
    <line originx="1200" originy="-500" endx="200" endy="-500" width="0" />
    <line originx="200" originy="500" endx="200" endy="-500" width="0" />
    <sympin number="1" originx="200" originy="-100" rotation="180" length="100" width="7.8740157480315" flipped="False">
      <text name="pinname" originx="230" originy="-100" style="Default" rotation="0" justify="left" flipped="False" hidden="False" data="VCC" />
      <text name="pindes" originx="140" originy="-80" style="Default" rotation="0" justify="lowerright" flipped="False" hidden="False" data="1" />
    </sympin>
    <sympin number="2" originx="300" originy="-500" rotation="270" length="100" width="7.8740157480315" flipped="False">
      <text name="pinname" originx="300" originy="-470" style="Default" rotation="0" justify="left" flipped="False" hidden="False" data="EN" />
      <text name="pindes" originx="280" originy="-560" style="Default" rotation="0" justify="lowerright" flipped="False" hidden="False" data="2" />
    </sympin>
    <sympin number="3" originx="400" originy="-500" rotation="270" length="100" width="7.8740157480315" flipped="False">
      <text name="pinname" originx="400" originy="-470" style="Default" rotation="0" justify="left" flipped="False" hidden="False" data="FSW" />
      <text name="pindes" originx="380" originy="-560" style="Default" rotation="0" justify="lowerright" flipped="False" hidden="False" data="3" />
    </sympin>
    <sympin number="4" originx="500" originy="-500" rotation="270" length="100" width="7.8740157480315" flipped="False">
      <text name="pinname" originx="500" originy="-470" style="Default" rotation="0" justify="left" flipped="False" hidden="False" data="SW_1" />
      <text name="pindes" originx="480" originy="-560" style="Default" rotation="0" justify="lowerright" flipped="False" hidden="False" data="4" />
    </sympin>
    <sympin number="5" originx="600" originy="-500" rotation="270" length="100" width="7.8740157480315" flipped="False">
      <text name="pinname" originx="600" originy="-470" style="Default" rotation="0" justify="left" flipped="False" hidden="False" data="SW_2" />
      <text name="pindes" originx="580" originy="-560" style="Default" rotation="0" justify="lowerright" flipped="False" hidden="False" data="5" />
    </sympin>
    <sympin number="6" originx="700" originy="-500" rotation="270" length="100" width="7.8740157480315" flipped="False">
      <text name="pinname" originx="700" originy="-470" style="Default" rotation="0" justify="left" flipped="False" hidden="False" data="SW_3" />
      <text name="pindes" originx="680" originy="-560" style="Default" rotation="0" justify="lowerright" flipped="False" hidden="False" data="6" />
    </sympin>
    <sympin number="7" originx="800" originy="-500" rotation="270" length="100" width="7.8740157480315" flipped="False">
      <text name="pinname" originx="800" originy="-470" style="Default" rotation="0" justify="left" flipped="False" hidden="False" data="SW_4" />
      <text name="pindes" originx="780" originy="-560" style="Default" rotation="0" justify="lowerright" flipped="False" hidden="False" data="7" />
    </sympin>
    <sympin number="8" originx="900" originy="-500" rotation="270" length="100" width="7.8740157480315" flipped="False">
      <text name="pinname" originx="900" originy="-470" style="Default" rotation="0" justify="left" flipped="False" hidden="False" data="BOOT" />
      <text name="pindes" originx="880" originy="-560" style="Default" rotation="0" justify="lowerright" flipped="False" hidden="False" data="8" />
    </sympin>
    <sympin number="9" originx="1000" originy="-500" rotation="270" length="100" width="7.8740157480315" flipped="False">
      <text name="pinname" originx="1000" originy="-470" style="Default" rotation="0" justify="left" flipped="False" hidden="False" data="VBN" />
      <text name="pindes" originx="980" originy="-560" style="Default" rotation="0" justify="lowerright" flipped="False" hidden="False" data="9" />
    </sympin>
    <sympin number="10" originx="1200" originy="-100" rotation="0" length="100" width="7.8740157480315" flipped="False">
      <text name="pinname" originx="1170" originy="-100" style="Default" rotation="0" justify="right" flipped="False" hidden="False" data="SS" />
      <text name="pindes" originx="1260" originy="-80" style="Default" rotation="0" justify="lowerleft" flipped="False" hidden="False" data="10" />
    </sympin>
    <sympin number="11" originx="1200" originy="0" rotation="0" length="100" width="7.8740157480315" flipped="False">
      <text name="pinname" originx="1170" originy="0" style="Default" rotation="0" justify="right" flipped="False" hidden="False" data="NC_1" />
      <text name="pindes" originx="1260" originy="20" style="Default" rotation="0" justify="lowerleft" flipped="False" hidden="False" data="11" />
    </sympin>
    <sympin number="12" originx="1100" originy="500" rotation="90" length="100" width="7.8740157480315" flipped="False">
      <text name="pinname" originx="1100" originy="470" style="Default" rotation="0" justify="right" flipped="False" hidden="False" data="NC_2" />
      <text name="pindes" originx="1080" originy="560" style="Default" rotation="0" justify="lowerleft" flipped="False" hidden="False" data="12" />
    </sympin>
    <sympin number="13" originx="1000" originy="500" rotation="90" length="100" width="7.8740157480315" flipped="False">
      <text name="pinname" originx="1000" originy="470" style="Default" rotation="0" justify="right" flipped="False" hidden="False" data="MODE" />
      <text name="pindes" originx="980" originy="560" style="Default" rotation="0" justify="lowerleft" flipped="False" hidden="False" data="13" />
    </sympin>
    <sympin number="14" originx="900" originy="500" rotation="90" length="100" width="7.8740157480315" flipped="False">
      <text name="pinname" originx="900" originy="470" style="Default" rotation="0" justify="right" flipped="False" hidden="False" data="VOUT_1" />
      <text name="pindes" originx="880" originy="560" style="Default" rotation="0" justify="lowerleft" flipped="False" hidden="False" data="14" />
    </sympin>
    <sympin number="15" originx="800" originy="500" rotation="90" length="100" width="7.8740157480315" flipped="False">
      <text name="pinname" originx="800" originy="470" style="Default" rotation="0" justify="right" flipped="False" hidden="False" data="VOUT_2" />
      <text name="pindes" originx="780" originy="560" style="Default" rotation="0" justify="lowerleft" flipped="False" hidden="False" data="15" />
    </sympin>
    <sympin number="16" originx="700" originy="500" rotation="90" length="100" width="7.8740157480315" flipped="False">
      <text name="pinname" originx="700" originy="470" style="Default" rotation="0" justify="right" flipped="False" hidden="False" data="VOUT_3" />
      <text name="pindes" originx="680" originy="560" style="Default" rotation="0" justify="lowerleft" flipped="False" hidden="False" data="16" />
    </sympin>
    <sympin number="17" originx="600" originy="500" rotation="90" length="100" width="7.8740157480315" flipped="False">
      <text name="pinname" originx="600" originy="470" style="Default" rotation="0" justify="right" flipped="False" hidden="False" data="FB" />
      <text name="pindes" originx="580" originy="560" style="Default" rotation="0" justify="lowerleft" flipped="False" hidden="False" data="17" />
    </sympin>
    <sympin number="18" originx="500" originy="500" rotation="90" length="100" width="7.8740157480315" flipped="False">
      <text name="pinname" originx="500" originy="470" style="Default" rotation="0" justify="right" flipped="False" hidden="False" data="COMP" />
      <text name="pindes" originx="480" originy="560" style="Default" rotation="0" justify="lowerleft" flipped="False" hidden="False" data="18" />
    </sympin>
    <sympin number="19" originx="400" originy="500" rotation="90" length="100" width="7.8740157480315" flipped="False">
      <text name="pinname" originx="400" originy="470" style="Default" rotation="0" justify="right" flipped="False" hidden="False" data="ILIM" />
      <text name="pindes" originx="380" originy="560" style="Default" rotation="0" justify="lowerleft" flipped="False" hidden="False" data="19" />
    </sympin>
    <sympin number="20" originx="200" originy="0" rotation="180" length="100" width="7.8740157480315" flipped="False">
      <text name="pinname" originx="230" originy="0" style="Default" rotation="0" justify="left" flipped="False" hidden="False" data="AGND" />
      <text name="pindes" originx="140" originy="20" style="Default" rotation="0" justify="lowerright" flipped="False" hidden="False" data="20" />
    </sympin>
    <sympin number="21" originx="300" originy="500" rotation="90" length="100" width="7.8740157480315" flipped="False">
      <text name="pinname" originx="300" originy="470" style="Default" rotation="0" justify="right" flipped="False" hidden="False" data="PGND" />
      <text name="pindes" originx="280" originy="560" style="Default" rotation="0" justify="lowerleft" flipped="False" hidden="False" data="21" />
    </sympin>
  </symbol>
  <component name="TPS61088RHLR" designatorprefix="IC" height="0" footprint="RHL(R-PVQFN-N20)_1">
    <comppin designator="1" sympin="1" pinswap="0" gateswap="0" gate="1" group="1" side="" type="Any" name="VCC" />
    <comppin designator="2" sympin="2" pinswap="0" gateswap="0" gate="1" group="1" side="" type="Any" name="EN" />
    <comppin designator="3" sympin="3" pinswap="0" gateswap="0" gate="1" group="1" side="" type="Any" name="FSW" />
    <comppin designator="4" sympin="4" pinswap="0" gateswap="0" gate="1" group="1" side="" type="Any" name="SW_1" />
    <comppin designator="5" sympin="5" pinswap="0" gateswap="0" gate="1" group="1" side="" type="Any" name="SW_2" />
    <comppin designator="6" sympin="6" pinswap="0" gateswap="0" gate="1" group="1" side="" type="Any" name="SW_3" />
    <comppin designator="7" sympin="7" pinswap="0" gateswap="0" gate="1" group="1" side="" type="Any" name="SW_4" />
    <comppin designator="8" sympin="8" pinswap="0" gateswap="0" gate="1" group="1" side="" type="Any" name="BOOT" />
    <comppin designator="9" sympin="9" pinswap="0" gateswap="0" gate="1" group="1" side="" type="Any" name="VBN" />
    <comppin designator="10" sympin="10" pinswap="0" gateswap="0" gate="1" group="1" side="" type="Any" name="SS" />
    <comppin designator="11" sympin="11" pinswap="0" gateswap="0" gate="1" group="1" side="" type="Any" name="NC_1" />
    <comppin designator="12" sympin="12" pinswap="0" gateswap="0" gate="1" group="1" side="" type="Any" name="NC_2" />
    <comppin designator="13" sympin="13" pinswap="0" gateswap="0" gate="1" group="1" side="" type="Any" name="MODE" />
    <comppin designator="14" sympin="14" pinswap="0" gateswap="0" gate="1" group="1" side="" type="Any" name="VOUT_1" />
    <comppin designator="15" sympin="15" pinswap="0" gateswap="0" gate="1" group="1" side="" type="Any" name="VOUT_2" />
    <comppin designator="16" sympin="16" pinswap="0" gateswap="0" gate="1" group="1" side="" type="Any" name="VOUT_3" />
    <comppin designator="17" sympin="17" pinswap="0" gateswap="0" gate="1" group="1" side="" type="Any" name="FB" />
    <comppin designator="18" sympin="18" pinswap="0" gateswap="0" gate="1" group="1" side="" type="Any" name="COMP" />
    <comppin designator="19" sympin="19" pinswap="0" gateswap="0" gate="1" group="1" side="" type="Any" name="ILIM" />
    <comppin designator="20" sympin="20" pinswap="0" gateswap="0" gate="1" group="1" side="" type="Any" name="AGND" />
    <comppin designator="21" sympin="21" pinswap="0" gateswap="0" gate="1" group="1" side="" type="Any" name="PGND" />
    <attached_symbol gate="1" name="TPS61088RHLR" />
    <pinmap designator="1" footprintpin="1" />
    <pinmap designator="2" footprintpin="2" />
    <pinmap designator="3" footprintpin="3" />
    <pinmap designator="4" footprintpin="4" />
    <pinmap designator="5" footprintpin="5" />
    <pinmap designator="6" footprintpin="6" />
    <pinmap designator="7" footprintpin="7" />
    <pinmap designator="8" footprintpin="8" />
    <pinmap designator="9" footprintpin="9" />
    <pinmap designator="10" footprintpin="10" />
    <pinmap designator="11" footprintpin="11" />
    <pinmap designator="12" footprintpin="12" />
    <pinmap designator="13" footprintpin="13" />
    <pinmap designator="14" footprintpin="14" />
    <pinmap designator="15" footprintpin="15" />
    <pinmap designator="16" footprintpin="16" />
    <pinmap designator="17" footprintpin="17" />
    <pinmap designator="18" footprintpin="18" />
    <pinmap designator="19" footprintpin="19" />
    <pinmap designator="20" footprintpin="20" />
    <pinmap designator="21" footprintpin="21" />
    <text name="Datasheet" originx="0" originy="0" style="Default" rotation="0" justify="" flipped="False" hidden="True" data="http://www.ti.com/lit/gpn/tps61088" />
    <text name="Description" originx="0" originy="0" style="Default" rotation="0" justify="" flipped="False" hidden="True" data="10-A Fully-Integrated Synchronous Boost Converter" />
    <text name="Manufacturer_Name" originx="0" originy="0" style="Default" rotation="0" justify="" flipped="False" hidden="True" data="Texas Instruments" />
    <text name="Manufacturer_Part_Number" originx="1250" originy="600" style="Default" rotation="0" justify="left" flipped="False" hidden="False" data="TPS61088RHLR" />
    <text name="Mouser Part Number" originx="0" originy="0" style="Default" rotation="0" justify="" flipped="False" hidden="True" data="595-TPS61088RHLR" />
    <text name="Mouser Price/Stock" originx="0" originy="0" style="Default" rotation="0" justify="" flipped="False" hidden="True" data="https://www.mouser.co.uk/ProductDetail/Texas-Instruments/TPS61088RHLR?qs=MiqG6Kq1qKNjgpnslrNKug%3D%3D" />
    <text name="Arrow Part Number" originx="0" originy="0" style="Default" rotation="0" justify="" flipped="False" hidden="True" data="TPS61088RHLR" />
    <text name="Arrow Price/Stock" originx="0" originy="0" style="Default" rotation="0" justify="" flipped="False" hidden="True" data="https://www.arrow.com/en/products/tps61088rhlr/texas-instruments?utm_currency=USD&amp;region=nac" />
  </component>
</quadcept_library>
